{"categorical_accuracy": [0.19650205969810486, 0.1979835331439972, 0.19415637850761414, 0.21444444358348846], "loss": [0.20533689856529236, 0.19724421203136444, 0.20256154239177704, 0.19649741053581238], "val_categorical_accuracy": [0.2065020650625229, 0.20000000298023224, 0.2034567892551422, 0.320864200592041], "val_loss": [0.19303737580776215, 0.2022976279258728, 0.24218153953552246, 0.18715766072273254]}