{"categorical_accuracy": [0.7898765206336975, 0.8087242841720581, 0.7925102710723877, 0.7370781898498535, 0.7866666913032532, 0.7837859988212585, 0.8173251152038574, 0.8129629492759705, 0.8230452537536621, 0.8544033169746399, 0.8570370078086853, 0.6965432167053223, 0.6709876656532288, 0.7639094591140747, 0.779629647731781, 0.79942387342453, 0.8102468848228455, 0.8544444441795349, 0.7632921934127808, 0.8086419701576233, 0.8125514388084412, 0.8378189206123352, 0.8509464859962463, 0.8607407212257385, 0.8794238567352295, 0.8826337456703186, 0.8855555653572083, 0.8914403319358826, 0.8929218053817749, 0.8944032788276672, 0.9006996154785156, 0.8817695379257202, 0.9072839617729187, 0.816502034664154, 0.863785982131958, 0.846666693687439, 0.8767077922821045, 0.9111934304237366, 0.8846913576126099, 0.920946478843689, 0.9048970937728882, 0.9079835414886475, 0.8488065600395203, 0.8311933875083923, 0.8958436250686646, 0.8823868036270142, 0.565390944480896, 0.7206996083259583, 0.8876543045043945, 0.8623456954956055, 0.903333306312561, 0.9237448573112488, 0.92304527759552, 0.9265020489692688, 0.8396296501159668, 0.8448559641838074, 0.8914403319358826, 0.8784362077713013, 0.933539092540741, 0.9394238591194153], "loss": [0.05237692594528198, 0.0456937775015831, 0.0607779286801815, 0.10746560990810394, 0.07171397656202316, 0.07039989531040192, 0.05064352974295616, 0.053947366774082184, 0.04757077619433403, 0.03361370041966438, 0.0337851457297802, 0.14600279927253723, 0.1352108120918274, 0.08900272101163864, 0.07091419398784637, 0.06973771750926971, 0.05613107606768608, 0.035845328122377396, 0.1016755998134613, 0.05731147900223732, 0.06461945921182632, 0.05618720129132271, 0.04568324238061905, 0.04123581945896149, 0.029878733679652214, 0.028853127732872963, 0.02887517213821411, 0.02812260203063488, 0.02818348817527294, 0.027050381526350975, 0.02618924342095852, 0.039105117321014404, 0.025758834555745125, 0.08010396361351013, 0.04786349833011627, 0.05732056125998497, 0.04460152983665466, 0.023311514407396317, 0.06053977832198143, 0.022845357656478882, 0.03061101771891117, 0.029527846723794937, 0.07805444300174713, 0.07131484895944595, 0.03734190762042999, 0.04674478992819786, 0.17752788960933685, 0.09953656792640686, 0.04868911951780319, 0.0559641532599926, 0.03826330974698067, 0.024908218532800674, 0.025858616456389427, 0.025384867563843727, 0.07747511565685272, 0.07082314789295197, 0.04825306683778763, 0.049693815410137177, 0.021456796675920486, 0.01961700990796089], "val_categorical_accuracy": [0.7017284035682678, 0.7253497838973999, 0.6620164513587952, 0.6465432047843933, 0.7075308561325073, 0.7025102972984314, 0.7303292155265808, 0.7057613134384155, 0.7471604943275452, 0.7430041432380676, 0.7474074363708496, 0.5116049647331238, 0.6960905194282532, 0.6715226173400879, 0.7281481623649597, 0.7261728644371033, 0.771440327167511, 0.7420987486839294, 0.7217283844947815, 0.7662962675094604, 0.7444033026695251, 0.7289300560951233, 0.7140740752220154, 0.7605350017547607, 0.7897530794143677, 0.8145267367362976, 0.7923457026481628, 0.7975720167160034, 0.7979835271835327, 0.8097530603408813, 0.8146501779556274, 0.8646913766860962, 0.8123045563697815, 0.7855144143104553, 0.8444032669067383, 0.6772839426994324, 0.8349794149398804, 0.8434156179428101, 0.8356378674507141, 0.8245679140090942, 0.8079012632369995, 0.7830452919006348, 0.7803703546524048, 0.7902469038963318, 0.8327571749687195, 0.8035390973091125, 0.4309053421020508, 0.8115226626396179, 0.8157201409339905, 0.7937859892845154, 0.8539917469024658, 0.849465012550354, 0.8222222328186035, 0.8814814686775208, 0.7263374328613281, 0.8396296501159668, 0.8106584548950195, 0.8304526805877686, 0.8765020370483398, 0.8853909373283386], "val_loss": [0.06978891044855118, 0.062476154416799545, 0.1421244591474533, 0.14177432656288147, 0.09451186656951904, 0.09388446807861328, 0.0638795793056488, 0.07102135568857193, 0.06034713238477707, 0.059630583971738815, 0.05792998522520065, 0.24020017683506012, 0.09309891611337662, 0.1322856843471527, 0.0737374946475029, 0.073307104408741, 0.06120794266462326, 0.05956530570983887, 0.07683999836444855, 0.055301472544670105, 0.06657963246107101, 0.07933906465768814, 0.11950236558914185, 0.05635026469826698, 0.05390230566263199, 0.04577212780714035, 0.05035228654742241, 0.05004473775625229, 0.04870125278830528, 0.04876289516687393, 0.04632971063256264, 0.03376399353146553, 0.06394027173519135, 0.06392490863800049, 0.03587004914879799, 0.1054500862956047, 0.04056559130549431, 0.04027756676077843, 0.05490158498287201, 0.04341737926006317, 0.04905927553772926, 0.058832164853811264, 0.07008131593465805, 0.09515170007944107, 0.04187701269984245, 0.09086684137582779, 0.20593871176242828, 0.05132533609867096, 0.05966104567050934, 0.06993874162435532, 0.03845570608973503, 0.04088160768151283, 0.06248413771390915, 0.032440539449453354, 0.1252690702676773, 0.04837256669998169, 0.08581813424825668, 0.04723741486668587, 0.031986791640520096, 0.031111104413866997]}