{"categorical_accuracy": [0.3306584358215332, 0.43131688237190247], "loss": [0.19213370978832245, 0.16428880393505096], "val_categorical_accuracy": [0.5202469229698181, 0.5262551307678223], "val_loss": [0.15448203682899475, 0.1403699666261673]}