{"categorical_accuracy": [0.9141563773155212, 0.9275720119476318, 0.9325103163719177, 0.8545267581939697, 0.8753909468650818, 0.9177777767181396, 0.9416049122810364, 0.940082311630249, 0.9411934018135071, 0.8370782136917114, 0.9337448477745056, 0.9465020298957825, 0.9495473504066467, 0.9470370411872864, 0.9114403128623962, 0.9340329170227051, 0.908765435218811, 0.836214005947113, 0.8378189206123352, 0.8856790065765381, 0.8455144166946411, 0.9111522436141968, 0.8342798352241516, 0.9135802388191223, 0.9074074029922485, 0.737407386302948, 0.9305761456489563, 0.8913580179214478, 0.9139094352722168, 0.9506995677947998, 0.9533745050430298, 0.9475719928741455, 0.9530864357948303, 0.9295884966850281, 0.9151440262794495, 0.9518107175827026, 0.9569547176361084, 0.9563785791397095, 0.9558847546577454, 0.95609050989151, 0.9402880668640137, 0.955020546913147, 0.9586008191108704, 0.8916872143745422, 0.9607818722724915, 0.9620987772941589, 0.9586419463157654, 0.9592180848121643, 0.9468724131584167, 0.947201669216156, 0.9494238495826721, 0.9601234793663025, 0.9590535163879395, 0.9477777481079102, 0.9479012489318848, 0.9629629850387573, 0.9644444584846497, 0.9627160429954529, 0.9374896883964539, 0.9639506340026855], "loss": [0.02785649336874485, 0.022607367485761642, 0.020258545875549316, 0.06386128813028336, 0.05550587922334671, 0.026877587661147118, 0.01581268385052681, 0.017562126740813255, 0.016477538272738457, 0.06782737374305725, 0.01973438262939453, 0.014329387806355953, 0.014089923352003098, 0.015086633153259754, 0.034138478338718414, 0.020649703219532967, 0.03435306251049042, 0.06671001017093658, 0.07873573899269104, 0.049266524612903595, 0.05277935415506363, 0.03029008023440838, 0.07645761221647263, 0.030810805037617683, 0.04131541773676872, 0.09045248478651047, 0.020959140732884407, 0.051337748765945435, 0.034751083701848984, 0.014980487525463104, 0.013749287463724613, 0.016504177823662758, 0.01358187198638916, 0.02662532404065132, 0.03748292848467827, 0.014427043497562408, 0.013185453601181507, 0.013392296619713306, 0.013744372874498367, 0.013518518768250942, 0.02564895711839199, 0.01396264974027872, 0.012555507943034172, 0.04637250676751137, 0.012640689499676228, 0.012164421379566193, 0.013300791382789612, 0.013192330487072468, 0.018750915303826332, 0.019578414037823677, 0.01742822676897049, 0.013753189705312252, 0.012993301264941692, 0.019517524167895317, 0.022113611921668053, 0.012917996384203434, 0.011630059219896793, 0.012625148519873619, 0.024501457810401917, 0.012899860739707947], "val_categorical_accuracy": [0.8653497695922852, 0.7986008524894714, 0.7961316704750061, 0.8306173086166382, 0.7839506268501282, 0.859382688999176, 0.8482304811477661, 0.8674073815345764, 0.8897942304611206, 0.8375720381736755, 0.8083539009094238, 0.798353910446167, 0.8436625599861145, 0.8939094543457031, 0.816502034664154, 0.8509053587913513, 0.4018929898738861, 0.7726337313652039, 0.7634567618370056, 0.5511934161186218, 0.7917283773422241, 0.7467077970504761, 0.8288477659225464, 0.6653497815132141, 0.7797119617462158, 0.8472839593887329, 0.8306173086166382, 0.8435391187667847, 0.8574897050857544, 0.8668724298477173, 0.8823456764221191, 0.884609043598175, 0.8817284107208252, 0.8502057790756226, 0.8278189301490784, 0.8655143976211548, 0.9104938507080078, 0.9028806686401367, 0.9118106961250305, 0.9034979343414307, 0.9055144190788269, 0.874691367149353, 0.8929218053817749, 0.8972427845001221, 0.9081069827079773, 0.9122633934020996, 0.8965432047843933, 0.8860082030296326, 0.7961316704750061, 0.7863374352455139, 0.8699176907539368, 0.8911522626876831, 0.9025925993919373, 0.8325926065444946, 0.8878189325332642, 0.8541975021362305, 0.8985596895217896, 0.882427990436554, 0.8891769647598267, 0.8845267295837402], "val_loss": [0.03075692430138588, 0.07156912982463837, 0.0817139595746994, 0.03822769597172737, 0.06310033798217773, 0.03199942782521248, 0.03468332067131996, 0.029818285256624222, 0.026558028534054756, 0.04787430539727211, 0.04537206143140793, 0.04901394248008728, 0.03331120312213898, 0.025719579309225082, 0.06932082027196884, 0.04315648227930069, 0.2709825336933136, 0.08086378127336502, 0.13550147414207458, 0.13418073952198029, 0.05503910779953003, 0.09454934298992157, 0.05497151240706444, 0.09386540204286575, 0.05675499513745308, 0.036757275462150574, 0.043402522802352905, 0.0533747635781765, 0.03338288143277168, 0.03506923466920853, 0.027984583750367165, 0.02703273855149746, 0.028019113466143608, 0.06994830816984177, 0.04772111773490906, 0.03261862322688103, 0.0225861594080925, 0.024872180074453354, 0.022016985341906548, 0.024525746703147888, 0.022374926134943962, 0.03186711668968201, 0.028525903820991516, 0.02549293264746666, 0.022526241838932037, 0.022694064304232597, 0.026077931746840477, 0.033848367631435394, 0.06097596883773804, 0.05776128172874451, 0.038361404091119766, 0.027540838345885277, 0.027188213542103767, 0.07522398978471756, 0.03836977481842041, 0.04049598425626755, 0.027262350544333458, 0.03246310353279114, 0.03262770548462868, 0.032724518328905106]}